00000.jpg;774;411;815;446;0
00001.jpg;983;388;1024;432;0
00001.jpg;386;494;442;552;0
00001.jpg;973;335;1031;390;0
00002.jpg;892;476;1006;592;0
00003.jpg;742;443;765;466;0
00003.jpg;742;466;764;489;0
00003.jpg;737;412;769;443;0
00004.jpg;898;342;967;409;0
00004.jpg;906;407;955;459;0
00005.jpg;1172;164;1284;278;0
00006.jpg;926;350;989;414;0
00007.jpg;825;406;864;445;0
00008.jpg;785;460;811;486;0
00008.jpg;779;424;816;461;0
00009.jpg;925;466;949;490;0
00010.jpg;1193;358;1269;436;0
00011.jpg;720;338;770;398;0
00011.jpg;710;265;780;342;0
00012.jpg;979;364;1034;418;0
00013.jpg;1043;281;1120;356;0
00014.jpg;712;492;732;511;0
00015.jpg;770;426;808;462;0
00016.jpg;901;421;959;478;0
00017.jpg;908;302;1031;408;0
00017.jpg;575;495;598;515;0
00018.jpg;950;455;981;486;0
00019.jpg;838;366;896;422;0
00019.jpg;845;423;888;465;0
00020.jpg;825;428;862;463;0
00021.jpg;825;388;877;437;0
00022.jpg;667;472;692;497;0
00023.jpg;998;292;1074;371;0
00023.jpg;46;350;136;444;0
00023.jpg;945;435;1006;492;0
00024.jpg;112;463;143;492;0
00025.jpg;731;422;772;459;0
00025.jpg;734;463;767;497;0
00026.jpg;453;411;492;451;0
00027.jpg;969;386;1024;441;0
00027.jpg;102;375;157;430;0
00028.jpg;775;399;833;453;0
00028.jpg;391;468;417;494;0
00029.jpg;1091;393;1133;436;0
00030.jpg;394;511;420;537;0
00031.jpg;763;426;812;473;0
00031.jpg;597;456;628;488;0
00032.jpg;678;443;707;469;0
00032.jpg;683;469;703;493;0
00033.jpg;22;505;88;571;0
00035.jpg;264;475;302;514;0
00035.jpg;678;439;714;474;0
00036.jpg;1133;393;1164;424;0
00036.jpg;1138;424;1163;450;0
00037.jpg;668;527;690;548;0
00038.jpg;1120;444;1142;464;0
00039.jpg;938;167;1022;251;0
00039.jpg;953;252;1015;313;0
00041.jpg;997;484;1031;517;0
00042.jpg;916;300;995;374;0
00043.jpg;1036;296;1097;357;0
00043.jpg;1047;357;1092;402;0
00043.jpg;110;444;143;480;0
00044.jpg;752;403;782;433;0
00046.jpg;1045;126;1166;247;0
00047.jpg;553;462;579;488;0
00048.jpg;780;443;811;474;0
00048.jpg;771;405;815;443;0
00048.jpg;341;523;380;562;0
00049.jpg;993;397;1025;430;0
00049.jpg;985;354;1028;397;0
00050.jpg;946;373;967;400;0
00050.jpg;941;339;972;372;0
00051.jpg;968;218;1037;287;0
00052.jpg;833;352;870;389;0
00052.jpg;829;281;879;331;0
00053.jpg;1156;333;1196;372;0
00053.jpg;766;438;799;471;0
00054.jpg;1113;436;1152;473;0
00054.jpg;1117;473;1146;502;0
00054.jpg;974;442;999;467;0
00054.jpg;456;520;476;540;0
00055.jpg;702;413;747;455;0
00056.jpg;729;436;760;467;0
00057.jpg;990;418;1036;467;0
00058.jpg;786;394;824;435;0
00059.jpg;793;400;854;461;0
00060.jpg;296;508;323;535;0
00060.jpg;819;441;842;464;0
00061.jpg;1224;333;1285;394;0
00062.jpg;826;469;848;492;0
00063.jpg;815;499;837;521;0
00064.jpg;786;447;808;470;0
00065.jpg;973;377;1022;427;0
00066.jpg;569;483;618;535;0
00067.jpg;949;435;979;465;0
00068.jpg;849;458;872;479;0
00069.jpg;817;459;838;480;0
00070.jpg;946;300;1026;373;0
00072.jpg;836;456;858;478;0
00073.jpg;723;431;752;457;0
00073.jpg;727;457;748;477;0
00073.jpg;727;476;749;497;0
00073.jpg;425;428;456;455;0
00073.jpg;430;453;452;475;0
00073.jpg;432;475;452;495;0
00074.jpg;383;527;421;569;0
00074.jpg;439;401;488;452;0
00074.jpg;929;378;981;431;0
00075.jpg;1120;350;1187;409;0
00075.jpg;1131;409;1179;456;0
00076.jpg;784;440;819;472;0
00076.jpg;789;471;815;495;0
00077.jpg;951;348;1015;408;0
00077.jpg;962;408;1011;455;0
00078.jpg;1211;206;1319;305;0
00078.jpg;800;462;821;483;0
00079.jpg;762;459;792;489;0
00081.jpg;966;228;1044;299;0
00081.jpg;233;499;249;521;0
00082.jpg;247;492;331;580;0
00083.jpg;1054;208;1152;296;0
00083.jpg;1071;297;1142;368;0
00084.jpg;707;523;734;551;0
00085.jpg;846;429;875;458;0
00086.jpg;944;298;1007;361;0
00087.jpg;912;435;946;470;0
00087.jpg;306;421;340;456;0
00088.jpg;956;464;982;490;0
00088.jpg;410;464;436;490;0
00088.jpg;412;440;436;464;0
00088.jpg;956;440;981;464;0
00089.jpg;1025;438;1054;468;0
00089.jpg;634;447;660;474;0
00090.jpg;966;428;1007;464;0
00091.jpg;869;443;899;471;0
00091.jpg;1056;377;1096;414;0
00091.jpg;509;382;553;422;0
00092.jpg;718;440;739;462;0
00092.jpg;420;419;447;446;0
00092.jpg;423;449;444;470;0
00093.jpg;344;397;379;436;0
00093.jpg;1076;339;1119;389;0
00094.jpg;946;370;995;419;0
00094.jpg;113;316;189;392;0
00095.jpg;698;461;719;481;0
00095.jpg;695;437;723;461;0
00096.jpg;699;396;738;435;0
00096.jpg;1140;420;1176;458;0
00097.jpg;1125;338;1168;378;0
00097.jpg;288;328;334;368;0
00097.jpg;148;446;196;499;0
00098.jpg;1206;244;1296;323;0
00098.jpg;594;286;668;353;0
00099.jpg;910;495;953;533;0
00100.jpg;413;507;451;541;0
00100.jpg;863;505;902;540;0
00101.jpg;835;406;891;461;0
00102.jpg;933;314;990;365;0
00102.jpg;945;374;984;415;0
00103.jpg;855;396;890;431;0
00103.jpg;847;349;897;397;0
00107.jpg;486;485;540;537;0
00107.jpg;490;536;529;576;0
00109.jpg;990;484;1020;513;0
00110.jpg;929;489;954;513;0
00112.jpg;366;473;399;508;0
00112.jpg;1186;475;1225;514;0
00113.jpg;351;413;419;480;0
00114.jpg;1169;421;1231;484;0
00116.jpg;1078;254;1136;312;0
00116.jpg;383;473;400;502;0
00117.jpg;99;425;131;466;0
00117.jpg;438;500;496;558;0
00118.jpg;229;505;285;564;0
00119.jpg;847;472;873;496;0
00119.jpg;1082;393;1120;431;0
00120.jpg;58;243;164;345;0
00121.jpg;91;308;185;416;0
00123.jpg;519;492;550;524;0
00123.jpg;1101;483;1133;516;0
00124.jpg;532;481;558;507;0
00124.jpg;976;470;1002;496;0
00125.jpg;1019;313;1106;401;0
00126.jpg;840;374;868;404;0
00126.jpg;379;365;411;396;0
00127.jpg;138;385;175;423;0
00127.jpg;1009;380;1046;417;0
00128.jpg;1147;397;1180;431;0
00129.jpg;962;379;1008;426;0
00129.jpg;866;399;905;439;0
00130.jpg;209;426;236;453;0
00130.jpg;601;431;626;456;0
00130.jpg;318;439;345;467;0
00131.jpg;1010;430;1034;455;0
00131.jpg;474;389;500;415;0
00132.jpg;314;306;393;377;0
00133.jpg;839;408;861;432;0
00133.jpg;841;432;858;450;0
00133.jpg;505;415;522;432;0
00134.jpg;1008;299;1073;365;0
00135.jpg;718;298;777;356;0
00136.jpg;816;401;857;437;0
00137.jpg;824;324;892;384;0
00140.jpg;247;472;275;501;0
00141.jpg;857;379;894;416;0
00142.jpg;816;454;835;473;0
00143.jpg;241;187;310;256;0
00144.jpg;708;445;727;464;0
00146.jpg;1205;122;1327;246;0
00146.jpg;707;404;732;426;0
00146.jpg;711;427;729;445;0
00147.jpg;750;419;784;452;0
00149.jpg;1131;274;1221;361;0
00149.jpg;1110;158;1231;273;0
00149.jpg;703;461;725;483;0
00150.jpg;824;345;865;386;0
00151.jpg;794;372;824;401;0
00152.jpg;605;424;627;447;0
00153.jpg;307;409;338;440;0
00154.jpg;692;410;717;436;0
00155.jpg;425;386;468;431;0
00156.jpg;819;388;848;417;0
00157.jpg;262;423;297;460;0
00157.jpg;885;392;926;432;0
00157.jpg;650;505;671;526;0
00158.jpg;907;414;933;440;0
00159.jpg;974;443;1031;506;0
00159.jpg;713;476;740;503;0
00159.jpg;86;473;117;504;0
00159.jpg;890;466;917;505;0
00160.jpg;610;388;653;428;0
00161.jpg;717;445;735;462;0
00162.jpg;244;430;262;448;0
00162.jpg;713;433;732;452;0
00162.jpg;544;444;562;462;0
00163.jpg;753;473;825;545;0
00164.jpg;874;375;918;416;0
00165.jpg;382;412;399;431;0
00165.jpg;689;292;745;340;0
00166.jpg;814;382;848;416;0
00167.jpg;369;446;392;469;0
00167.jpg;729;433;750;455;0
00168.jpg;693;419;719;442;0
00169.jpg;1089;153;1212;276;0
00170.jpg;912;322;944;358;0
00171.jpg;882;335;932;385;0
00171.jpg;883;385;932;433;0
00172.jpg;712;471;740;495;0
00172.jpg;718;418;737;437;0
00173.jpg;1111;279;1161;329;0
00174.jpg;718;413;753;444;0
00174.jpg;723;443;747;467;0
00174.jpg;801;302;860;364;0
00175.jpg;893;341;944;396;0
00176.jpg;850;414;875;440;0
00177.jpg;271;416;313;458;0
00177.jpg;746;423;785;462;0
00177.jpg;502;451;519;468;0
00177.jpg;1271;402;1308;437;0
00178.jpg;728;456;748;476;0
00179.jpg;686;421;707;440;0
00180.jpg;968;384;1004;421;0
00181.jpg;793;299;853;359;0
00183.jpg;766;369;806;406;0
00184.jpg;790;273;850;334;0
00185.jpg;967;150;1076;257;0
00186.jpg;603;455;621;474;0
00186.jpg;325;428;345;448;0
00186.jpg;602;433;625;456;0
00187.jpg;675;405;709;439;0
00187.jpg;161;393;194;428;0
00188.jpg;705;379;752;422;0
00189.jpg;853;339;917;394;0
00190.jpg;670;400;689;421;0
00191.jpg;693;406;728;439;0
00192.jpg;492;414;516;437;0
00192.jpg;314;440;334;461;0
00192.jpg;662;262;738;339;0
00195.jpg;1040;155;1161;268;0
00195.jpg;784;398;820;430;0
00196.jpg;726;316;787;370;0
00196.jpg;734;370;778;416;0
00196.jpg;534;471;558;496;0
00197.jpg;867;278;956;361;0
00200.jpg;840;287;915;364;0
00200.jpg;849;364;901;416;0
00200.jpg;648;410;670;433;0
00200.jpg;257;403;281;428;0
00201.jpg;762;352;812;397;0
00202.jpg;657;319;702;365;0
00202.jpg;56;315;104;363;0
00203.jpg;758;375;784;400;0
00204.jpg;858;151;946;242;0
00204.jpg;730;260;783;316;0
00205.jpg;1202;332;1326;449;0
00207.jpg;870;313;942;378;0
00208.jpg;638;239;732;319;0
00209.jpg;1110;287;1170;348;0
00209.jpg;1097;210;1184;287;0
00210.jpg;1017;418;1038;443;0
00210.jpg;1011;385;1043;418;0
00212.jpg;293;427;315;450;0
00212.jpg;721;381;749;408;0
00212.jpg;756;402;782;430;0
00214.jpg;1185;130;1295;236;0
00214.jpg;1214;241;1288;312;0
00215.jpg;784;480;804;500;0
00216.jpg;312;442;337;467;0
00216.jpg;886;446;911;472;0
00217.jpg;971;267;1031;328;0
00218.jpg;808;437;827;456;0
00219.jpg;1080;270;1155;340;0
00219.jpg;1089;345;1144;401;0
00220.jpg;1127;285;1168;326;0
00221.jpg;988;420;1042;470;0
00223.jpg;816;334;858;374;0
00224.jpg;932;188;1024;278;0
00224.jpg;923;276;977;341;0
00224.jpg;977;263;1042;333;0
00225.jpg;856;268;924;334;0
00226.jpg;1152;224;1220;290;0
00227.jpg;1228;259;1306;329;0
00228.jpg;937;295;998;356;0
00229.jpg;1282;339;1332;383;0
00229.jpg;1273;384;1305;417;0
00229.jpg;1305;382;1341;414;0
00230.jpg;974;398;1002;426;0
00230.jpg;968;426;1007;463;0
00231.jpg;1146;362;1183;399;0
00233.jpg;325;485;358;517;0
00234.jpg;1051;275;1115;338;0
00236.jpg;1081;274;1199;402;0
00237.jpg;822;361;854;393;0
00237.jpg;290;389;323;422;0
00238.jpg;842;400;881;435;0
00238.jpg;849;443;877;471;0
00240.jpg;847;364;879;396;0
00241.jpg;838;400;880;442;0
00242.jpg;848;388;870;413;0
00242.jpg;1195;267;1302;366;0
00243.jpg;843;447;867;470;0
00244.jpg;491;390;530;429;0
00244.jpg;1238;349;1282;394;0
00245.jpg;477;442;499;464;0
00245.jpg;851;438;874;461;0
00246.jpg;311;381;354;425;0
00246.jpg;1091;354;1134;396;0
00247.jpg;471;453;492;474;0
00247.jpg;856;448;877;469;0
00248.jpg;204;452;229;479;0
00248.jpg;843;429;870;456;0
00249.jpg;1212;419;1244;452;0
00250.jpg;100;423;168;495;0
00250.jpg;907;446;932;471;0
00251.jpg;116;425;208;520;0
00252.jpg;915;389;960;434;0
00252.jpg;910;326;956;372;0
00253.jpg;1186;134;1301;244;0
00254.jpg;1172;270;1237;336;0
00254.jpg;1264;368;1295;398;0
00255.jpg;183;503;260;581;0
00256.jpg;1105;42;1232;153;0
00257.jpg;1237;334;1295;387;0
00257.jpg;1079;388;1119;423;0
00258.jpg;745;469;777;501;0
00258.jpg;346;490;381;522;0
00259.jpg;1202;329;1247;374;0
00260.jpg;720;266;784;330;0
00261.jpg;1150;250;1208;311;0
00262.jpg;894;282;953;341;0
00262.jpg;1042;37;1146;139;0
00263.jpg;646;417;666;437;0
00264.jpg;964;412;988;435;0
00264.jpg;965;435;988;458;0
00264.jpg;509;466;531;488;0
00265.jpg;800;426;831;456;0
00265.jpg;783;446;804;464;0
00265.jpg;805;458;827;480;0
00267.jpg;834;380;856;402;0
00267.jpg;859;387;886;414;0
00268.jpg;891;396;917;422;0
00269.jpg;966;430;990;454;0
00270.jpg;1238;331;1291;385;0
00270.jpg;243;335;293;386;0
00270.jpg;1237;279;1291;332;0
00271.jpg;259;369;297;408;0
00271.jpg;1090;341;1130;381;0
00272.jpg;1223;315;1297;385;0
00272.jpg;310;398;377;461;0
00273.jpg;1080;286;1145;343;0
00274.jpg;975;395;1011;430;0
00275.jpg;1196;342;1237;384;0
00275.jpg;206;410;238;445;0
00276.jpg;798;346;845;388;0
00276.jpg;109;464;153;517;0
00277.jpg;1048;399;1071;422;0
00280.jpg;1054;392;1083;422;0
00280.jpg;1131;357;1182;408;0
00281.jpg;982;363;1016;393;0
00281.jpg;984;392;1017;425;0
00283.jpg;1177;114;1284;219;0
00284.jpg;980;269;1059;347;0
00284.jpg;993;347;1051;404;0
00285.jpg;1091;304;1146;359;0
00286.jpg;1015;360;1044;389;0
00287.jpg;1113;370;1154;411;0
00288.jpg;413;456;436;479;0
00288.jpg;983;438;1006;462;0
00289.jpg;285;401;326;444;0
00289.jpg;1282;379;1326;424;0
00290.jpg;1294;391;1326;428;0
00291.jpg;1129;384;1165;422;0
00292.jpg;982;422;1011;451;0
00292.jpg;315;447;345;476;0
00293.jpg;28;410;70;456;0
00293.jpg;1143;365;1193;415;0
00295.jpg;1227;364;1272;411;0
00295.jpg;98;417;142;463;0
00297.jpg;1015;444;1042;468;0
00297.jpg;593;443;620;466;0
00298.jpg;1220;168;1327;264;0
00298.jpg;1238;256;1314;331;0
00298.jpg;69;445;107;475;0
00299.jpg;1245;247;1304;306;0
00300.jpg;680;430;710;458;0
00300.jpg;779;420;801;443;0
00301.jpg;1062;260;1131;324;0
00301.jpg;1075;318;1125;368;0
00303.jpg;1186;385;1215;414;0
00304.jpg;504;385;553;434;0
00305.jpg;765;368;827;422;0
00305.jpg;549;348;597;393;0
00306.jpg;1047;420;1084;455;0
00306.jpg;353;471;389;505;0
00307.jpg;457;474;488;505;0
00307.jpg;795;454;827;487;0
00307.jpg;892;417;934;457;0
00307.jpg;829;453;862;486;0
00309.jpg;180;388;220;431;0
00309.jpg;1159;353;1203;398;0
00310.jpg;285;426;317;459;0
00310.jpg;1150;390;1188;427;0
00311.jpg;616;424;650;458;0
00311.jpg;1295;391;1329;425;0
00312.jpg;122;267;225;379;0
00312.jpg;1226;411;1249;433;0
00312.jpg;677;434;699;453;0
00313.jpg;369;414;424;470;0
00314.jpg;1213;398;1247;434;0
00314.jpg;396;451;429;485;0
00315.jpg;1267;373;1310;419;0
00315.jpg;172;414;213;462;0
00316.jpg;693;413;719;437;0
00316.jpg;696;436;719;458;0
00316.jpg;994;395;1022;420;0
00316.jpg;995;421;1020;445;0
00317.jpg;1122;378;1166;421;0
00318.jpg;631;451;657;477;0
00318.jpg;779;481;800;502;0
00319.jpg;1201;403;1248;450;0
00319.jpg;569;436;612;481;0
00320.jpg;175;438;202;466;0
00320.jpg;921;403;951;434;0
00322.jpg;1166;327;1209;370;0
00322.jpg;338;406;381;449;0
00330.jpg;1050;313;1116;381;0
00333.jpg;116;414;176;477;0
00333.jpg;753;387;808;445;0
00334.jpg;323;452;369;498;0
00334.jpg;760;435;797;472;0
00337.jpg;901;408;932;438;0
00338.jpg;504;397;538;427;0
00338.jpg;505;425;536;453;0
00338.jpg;998;397;1031;426;0
00338.jpg;1000;426;1029;453;0
00339.jpg;627;442;660;476;0
00339.jpg;969;414;1021;463;0
00340.jpg;827;543;851;567;0
00340.jpg;827;521;852;546;0
00340.jpg;827;543;851;567;0
00341.jpg;923;465;997;533;0
00343.jpg;802;531;829;558;0
00343.jpg;483;507;512;536;0
00344.jpg;799;413;879;494;0
00346.jpg;291;541;321;571;0
00346.jpg;883;542;911;570;0
00347.jpg;913;545;970;597;0
00349.jpg;53;455;114;514;0
00349.jpg;1244;465;1312;534;0
00350.jpg;475;543;508;576;0
00350.jpg;1092;542;1125;573;0
00351.jpg;511;533;538;560;0
00352.jpg;969;549;996;576;0
00352.jpg;528;553;555;580;0
00353.jpg;836;554;860;578;0
00353.jpg;456;559;477;581;0
00355.jpg;474;537;507;570;0
00356.jpg;946;520;1004;573;0
00356.jpg;249;499;310;555;0
00357.jpg;1095;524;1130;560;0
00357.jpg;463;528;500;565;0
00358.jpg;316;490;374;549;0
00360.jpg;1032;484;1076;528;0
00360.jpg;253;502;296;545;0
00362.jpg;252;470;370;574;0
00363.jpg;407;483;450;526;0
00363.jpg;409;525;453;568;0
00366.jpg;517;530;540;553;0
00366.jpg;518;553;541;576;0
00366.jpg;988;550;1014;573;0
00366.jpg;988;574;1015;597;0
00367.jpg;1028;501;1068;541;0
00367.jpg;1028;542;1071;583;0
00367.jpg;230;488;274;530;0
00367.jpg;235;533;276;573;0
00368.jpg;382;460;431;510;0
00368.jpg;378;509;431;561;0
00369.jpg;521;544;542;564;0
00369.jpg;520;564;543;585;0
00369.jpg;874;532;895;551;0
00369.jpg;875;550;896;571;0
00370.jpg;880;536;904;559;0
00370.jpg;880;558;907;584;0
00370.jpg;440;531;467;554;0
00370.jpg;442;553;468;578;0
00371.jpg;316;521;372;577;0
00372.jpg;974;486;1017;529;0
00373.jpg;164;517;195;548;0
00373.jpg;819;511;853;545;0
00374.jpg;999;527;1031;560;0
00374.jpg;671;563;696;589;0
00375.jpg;1229;521;1255;545;0
00376.jpg;266;487;309;530;0
00376.jpg;989;510;1031;552;0
00377.jpg;1133;504;1172;543;0
00377.jpg;239;490;278;531;0
00377.jpg;1133;543;1172;582;0
00377.jpg;236;532;277;573;0
00378.jpg;23;362;142;480;0
00378.jpg;22;242;145;362;0
00379.jpg;186;458;232;504;0
00379.jpg;1064;488;1112;536;0
00379.jpg;185;503;232;550;0
00379.jpg;1062;442;1109;489;0
00382.jpg;445;490;485;530;0
00382.jpg;446;529;485;568;0
00382.jpg;1209;496;1248;535;0
00382.jpg;1211;533;1250;572;0
00383.jpg;527;546;561;575;0
00383.jpg;988;542;1021;571;0
00384.jpg;1199;416;1263;480;0
00384.jpg;1202;479;1267;544;0
00385.jpg;977;529;1016;568;0
00385.jpg;267;531;307;571;0
00386.jpg;555;561;580;586;0
00386.jpg;977;550;1000;573;0
00387.jpg;411;499;477;563;0
00387.jpg;1185;484;1251;547;0
00388.jpg;1274;497;1346;561;0
00390.jpg;455;502;503;550;0
00390.jpg;1219;494;1265;541;0
00391.jpg;1260;502;1304;551;0
00391.jpg;198;508;247;558;0
00392.jpg;358;443;423;512;0
00393.jpg;278;484;373;571;0
00395.jpg;201;519;241;561;0
00395.jpg;903;519;938;555;0
00396.jpg;192;484;238;531;0
00396.jpg;998;468;1046;516;0
00397.jpg;949;559;983;593;0
00397.jpg;947;524;982;559;0
00398.jpg;769;517;796;540;0
00398.jpg;771;538;795;560;0
00398.jpg;772;558;796;582;0
00400.jpg;1236;480;1290;528;0
00401.jpg;420;496;461;537;0
00401.jpg;1122;497;1163;538;0
00402.jpg;1094;500;1132;538;0
00403.jpg;568;563;591;587;0
00403.jpg;940;558;966;584;0
00403.jpg;568;540;592;564;0
00403.jpg;939;532;965;559;0
00404.jpg;335;415;396;476;0
00404.jpg;1255;415;1312;472;0
00405.jpg;1255;470;1309;525;0
00405.jpg;355;444;411;499;0
00405.jpg;1249;397;1317;470;0
00406.jpg;520;554;551;581;0
00406.jpg;852;544;879;570;0
00406.jpg;1046;503;1097;551;0
00406.jpg;284;514;333;559;0
00408.jpg;128;463;212;539;0
00408.jpg;1132;479;1210;549;0
00410.jpg;367;615;423;671;0
00411.jpg;185;602;238;662;0
00411.jpg;110;557;139;588;0
00411.jpg;496;552;529;587;0
00412.jpg;1002;499;1047;545;0
00413.jpg;1038;480;1084;529;0
00414.jpg;1032;421;1078;468;0
00416.jpg;813;505;851;543;0
00417.jpg;29;448;129;539;0
00418.jpg;455;537;488;566;0
00418.jpg;460;563;482;585;0
00419.jpg;979;489;1025;537;0
00420.jpg;828;542;851;565;0
00420.jpg;361;548;383;570;0
00421.jpg;946;554;976;581;0
00422.jpg;599;567;624;591;0
00425.jpg;302;503;342;543;0
00425.jpg;900;500;941;541;0
00425.jpg;302;543;342;583;0
00425.jpg;903;541;944;582;0
00427.jpg;294;383;388;479;0
00428.jpg;325;548;353;576;0
00428.jpg;937;543;966;572;0
00430.jpg;929;414;1008;488;0
00431.jpg;275;527;314;564;0
00431.jpg;1141;496;1179;536;0
00433.jpg;510;529;566;583;0
00434.jpg;167;194;257;286;0
00435.jpg;834;535;862;564;0
00436.jpg;794;531;816;553;0
00438.jpg;533;559;554;580;0
00438.jpg;841;556;862;577;0
00439.jpg;1194;504;1251;564;0
00440.jpg;1243;492;1324;562;0
00441.jpg;1063;531;1112;580;0
00444.jpg;379;528;427;573;0
00444.jpg;964;531;1009;573;0
00444.jpg;389;569;419;600;0
00444.jpg;972;572;1001;601;0
00446.jpg;401;507;441;544;0
00446.jpg;767;497;803;530;0
00446.jpg;774;568;807;601;0
00447.jpg;1182;418;1268;495;0
00449.jpg;212;468;254;507;0
00449.jpg;812;448;853;486;0
00450.jpg;1104;359;1181;429;0
00451.jpg;790;558;819;585;0
00452.jpg;876;543;914;578;0
00453.jpg;1215;332;1302;407;0
00453.jpg;895;497;922;524;0
00453.jpg;224;407;279;457;0
00456.jpg;421;414;476;470;0
00457.jpg;1243;418;1301;475;0
00457.jpg;517;466;554;504;0
00458.jpg;989;493;1018;525;0
00459.jpg;877;515;912;548;0
00459.jpg;884;548;909;573;0
00460.jpg;829;456;859;484;0
00460.jpg;831;481;862;512;0
00461.jpg;1231;264;1302;331;0
00463.jpg;555;628;585;659;0
00465.jpg;1241;315;1331;395;0
00466.jpg;1215;399;1267;443;0
00466.jpg;514;468;548;497;0
00466.jpg;1226;440;1263;475;0
00466.jpg;519;494;543;518;0
00467.jpg;1132;501;1168;537;0
00471.jpg;789;491;817;520;0
00472.jpg;880;500;925;544;0
00473.jpg;507;532;540;565;0
00473.jpg;1152;506;1184;538;0
00474.jpg;1242;549;1274;581;0
00474.jpg;514;569;545;600;0
00475.jpg;1233;468;1310;543;0
00476.jpg;163;518;199;555;0
00476.jpg;1152;523;1187;558;0
00477.jpg;298;506;338;546;0
00478.jpg;921;470;963;512;0
00478.jpg;218;483;258;523;0
00479.jpg;982;498;1025;539;0
00479.jpg;990;539;1020;569;0
00480.jpg;1055;444;1103;492;0
00481.jpg;908;502;944;535;0
00483.jpg;150;510;203;563;0
00483.jpg;1182;531;1232;583;0
00484.jpg;339;509;372;542;0
00484.jpg;1002;529;1035;563;0
00486.jpg;410;519;465;574;0
00487.jpg;625;606;644;625;0
00490.jpg;842;516;870;539;0
00490.jpg;644;596;668;620;0
00490.jpg;847;536;867;556;0
00491.jpg;430;568;488;637;0
00492.jpg;893;528;923;557;0
00493.jpg;910;450;966;501;0
00494.jpg;1113;300;1211;395;0
00496.jpg;511;494;552;536;0
00496.jpg;509;535;550;576;0
00497.jpg;392;611;425;651;0
00498.jpg;249;586;298;634;0
00498.jpg;248;482;292;526;0
00499.jpg;1009;497;1056;539;0
00500.jpg;952;499;1000;546;0
00501.jpg;943;557;962;577;0
00501.jpg;610;558;628;577;0
00501.jpg;120;282;227;386;0
00501.jpg;107;637;216;748;0
00502.jpg;57;556;85;584;0
00502.jpg;579;555;606;582;0
00502.jpg;558;577;592;611;0
00503.jpg;354;579;423;650;0
00504.jpg;379;595;410;627;0
00505.jpg;1052;480;1092;521;0
00508.jpg;865;495;908;534;0
00509.jpg;833;487;877;527;0
00512.jpg;230;486;270;522;0
00512.jpg;1139;490;1179;530;0
00513.jpg;142;501;197;556;0
00514.jpg;381;511;418;548;0
00514.jpg;1168;491;1206;530;0
00515.jpg;257;361;333;435;0
00516.jpg;240;275;298;333;0
00518.jpg;451;526;499;574;0
00519.jpg;454;531;507;584;0
00520.jpg;380;507;436;565;0
00521.jpg;377;574;405;604;0
00521.jpg;946;565;976;595;0
00523.jpg;1285;512;1330;555;0
00523.jpg;455;515;502;562;0
00524.jpg;187;530;241;584;0
00524.jpg;1219;528;1271;580;0
00527.jpg;874;426;904;456;0
00527.jpg;359;420;389;450;0
00528.jpg;985;339;1026;380;0
00528.jpg;166;415;205;455;0
00530.jpg;425;401;460;435;0
00530.jpg;1010;401;1043;434;0
00531.jpg;484;443;504;463;0
00531.jpg;909;431;931;453;0
00536.jpg;27;428;57;458;0
00536.jpg;327;452;353;478;0
00536.jpg;724;479;740;495;0
00542.jpg;842;440;866;464;0
00544.jpg;1054;297;1122;358;0
00544.jpg;990;425;1028;459;0
00544.jpg;744;438;762;458;0
00545.jpg;213;435;247;474;0
00548.jpg;775;432;811;468;0
00548.jpg;782;469;807;494;0
00551.jpg;937;465;966;493;0
00552.jpg;537;512;554;529;0
00552.jpg;538;528;554;544;0
00552.jpg;814;508;832;526;0
00552.jpg;815;525;831;541;0
00554.jpg;947;472;984;507;0
00556.jpg;1195;499;1253;557;0
00560.jpg;1039;173;1099;233;0
00564.jpg;755;368;799;408;0
00566.jpg;655;395;689;429;0
00566.jpg;124;419;156;451;0
00566.jpg;461;489;481;508;0
00567.jpg;1050;409;1109;460;0
00570.jpg;881;416;914;449;0
00571.jpg;1287;361;1308;384;0
00575.jpg;403;474;435;506;0
00593.jpg;584;510;608;534;0
00599.jpg;700;454;722;476;0